ADDRESS1,ADDRESS2,ADDRESS3,TOWN/CITY,COUNTY,POSTCODE
IPSWICH ROAD,,,CARDIFF,SOUTH GLAMORGAN,CF23 9AQ
5 Alpha Way,Thorpe Business Park,,Egham,Surrey,TW20 8RZ
Bold Street,,,Sheffield,South Yorkshire,S9 2LR
Darlaston Road,,,Wednesbury,West Midlands,WS10 7TZ
,,,,,PO6 3TF
Copthorne Bank,Copthorne,,CRAWLEY,West Sussex,RH10 3JF
222 Alma Road,,,Enfield,,EN3 7BB
61a Wellington Industrial Estate,Bean Road,Coseley,Wolverampton,West Midlands,WV14 9EE
Unit 2,Harrod Close,Horn Hill,Lowestoft,Suffolk,NR33 0PX
"UNIT 5, BRUNEL WAY",STEPHENSON INDUSTRIAL ESTATES,,COALVILLE,LEICESTERSHIRE,LE67 3HF
Five Oaks,Wooton,,Canterbury,Kent,CT4 6RY
54 Weir Road,,Wimbledon,London,,SW19 8UG
Churchbridge,,,Oldbury,West Midlands,B69 2AS
Unit 4 Packhorse Place,Watling street,Kensworth,Dunstable,Beds,LU6 3QL
Strathcona Road,,Wembley,London,,HA9 8QD
HOLLIN BRIDGE STREET WORKS,OFF BOLTON ROAD,,BLACKBURN,LANCASHIRE,BB2 4BA
Coomassie Street,,,Newport,Gwent,NP20 2JP
The Lyle Building,15 Ingleston Street,,Greenock,RENFREWSHIRE,PA15 4UQ
Watling Street,,,Weedon,Northants,NN7 4PX
ICKNIELD WAY EAST,,,LETCHWORTH,HERTFORDSHIRE,SG6 1EX
Hardwick View Road,Holmewood Industrial Estate,,Chesterfield,Derbyshire,S42 5SA
MEMORIAL ROAD,HANHAM,,BRISTOL,AVON,BS15 3JD
PENTRE BRENW,,,GAERWEN,ANGLESEY,LL60 6HU
19-21 St Clare Street,,,Kirkaldy,FIFE,KY1 2QF
Furnace Industrial Estate,,,Shildon,Co Durham,DL4 1QA
103 Wantz Road,,,Dagenham,Essex,RM10 8PS
Claycliffe Road,,,Barnsley,,S75 1HS
UNIT 14 SHAW LANE INDUSTRIAL ESTATE,,,DONCASTER,SOUTH YORKSHIRE,DN2 4SE
Manse Lane,,,Knaresborough,North Yorkshire,HG5 8LF
"JODRELL MEADOW, OFF JODRELL RD",WHALEY BRIDGE,,HIGH PEAK,DERBYSHIRE,SK23 7AJ
Old Field House Lane,,,Huddersfield,,HD2 1AG
Cross Green Approach,Cross Green Ind Estate,,Leeds,,LS9 0SG
Wyrefields,Poulton Industrial Estate,Poulton Le Fylde,Blackpool,Lancashire,FY6 8YX
Orrell Lane,Bootle,,Liverpool,Merseyside,L20 6PD
39 - 41 Commercial Road,,,Liverpool,Merseyside,L5 7RD
Worth Way,,,Keighley,,BD21 5AJ
"Unit B, President Park",Savile Street East,,Sheffield,South Yorkshire,S4 7UR
Halifax Way,The Airfield Industrial Estate,Elvington,York,,YO41 4AU
,Unit 9 Glaisdale Parkway,,Nottingham,,NG8 4GA
18-19 Blenheim Road,,,Ashbourne,Derbyshire,DE6 1HA
UNIT 30 BERGEN WAY,SUTTON FIELDS INDUSTRIAL ESTATE,,HULL,EAST YORKSHIRE,HU7 0YQ
Units 1-3 Anglia Way,Anglia way Industrial Estate,,Mansfield,Nottinghamshire,NG18 4LP
Units B1- B3 Chesterton Road,Eastwood Trading Estate,,Rotherham,South Yorkshire,S65 1SU
Poulton Close,Coombe Valley,,Dover,Kent,CT17 0HL
STROUDLEY ROAD,,,BASINGSTOKE,HAMPSHIRE,RG24 8FW
Dorking Road,Kingsfold,,Horsham,West Sussex,RH12 3SB
Gore Road Industrial Estate,Gore Road,,New Milton,Hampshire,BH25 6TH
Trinity Trading Estate,Unit 8 Tribune Drive,,Sittingbourne,Kent,ME10 2PG
Unit 1 The Quadrillion,Westmead Industrial Estate,,Swindon,Wilts,SN5 7UL
19 Bradfield Close,Finedon Road Industrial Estate,,Wellingborough,Northants,NN8 4RQ
Southdown View Way,,,Worthing,West Sussex,BN14 8NL
Unit 5 Watercombe Business Park,Lynx Trading Estate,,Yeovil,Somerset,BA20 2HL
16 Beeching Road,Bexhill On Sea,,,East Sussex,TN39 3LJ
TERMINUS ROAD,,,CHICHESTER,WEST SUSSEX,PO19 8TX
Unit 6,Fitzherbert Road,Farlington,Portsmouth,Hampshire,PO6 1RU
114 Commercial Road,,Totton,Southampton,Hampshire,SO40 3AD
Unit 8,Bainbridges Road,,East Peckham,Kent,TN12 5HH
Unit 1 Saxon Way,Battledown Ind Estate,,Cheltenham,Gloucestershire,GL52 6QX
Unit A1,Eagle Way,Sowton Industrial Estate,Exeter,Devon,EX2 7HY
Units 8 - 12 Connect 27,Twin Oaks Drive,,Polegate,West Sussex,BN26 6GP
3A LEYLAND ROAD,WALLISDOWN,,POOLE,DORSET,BH12 5HD
"Unit B, 22 Cherry Orchard Lane",,,Salisbury,Wiltshire,SP2 7LD
7 kingdom ave,westbury,,,wiltshire,BA13 4FG
West Street,,,Havant,Hampshire,PO9 1LR
Albert Road,Morley,,Leeds,West Yorkshire,LS27 8TT
127 Prestwick Road,,,Ayr,Scotland,KA8 8NJ
Scotswood Road,Newcastle-Upon-Tyne,,Newcastle,Tyne & Wear,NE4 7BP
40 KILBIRNIE STREET,,,GLASGOW,,G5 8HX
Foster Road,Ashford Business Park,,Ashford,Kent,TN24 0SH
Ashgrove Road,,,Elgin,Moray,IV30 1UU
Mugiemoss Road,,,Aberdeen,Aberdeenshire,AB21 9NP
Burnett Rd,,,Inverness,,IV1 1TF
Tickford Street,,,Newport Pagnell,Bucks,MK16 9AN
Sterling House,Mead Way,Decoy Industrial Estate,Newton Abbot,Devon,TQ12 5UZ
216 Great Bridge Street,,West Bromwich,Birmingham,West Mids,B70 0DE
CANNONS IND ESTATE,STATION ROAD,WOOTTON BASSETT,SWINDON,WILTSHIRE,SN4 7NP
OLD STATION YARD,COMMON ROAD,DUNNINGTON,"DUNNINGTON, YORK",NORTH YORKSHIRE,YO19 5EP
Units 8 & 9,Glanyrafon Ind Est,,Aberystwyth,Ceredigion,SY23 3JQ
UNIT 4 KNOWLE SPRING IND EST,SOUTH STREET,,KEIGHLEY,WEST YORKSHIRE,BD21 1AQ
18 Heron Road,Sowton Industrial Estate,,Exeter,DEVON,EX2 7LL
Unit 2 & 8,Willersley Industrial Estate,Badsey Road,Willersley,Worcestershire,WR12 7RR
INTOWN ROAD,BRIDGE-OF-DON,,Aberdeen,Aberdeenshire,AB23 8EZ
Marshgate Trading Estate,Taplow Road,,Taplow,Buckinghamshire,SL6 0ND
UNITS D/E FLEMMING WAY,CORONATION ROAD,CRESSEX BUSINESS PARK,HIGH WYCOMBE,BUCKS,HP12 3TS
Unit 1 Streeling Way,Norcot Industrial Estate,,READING,BERKSHIRE,RG30 6HW
752-753 Deal Avenue,Slough Trading Estate,,Slough,Berks,SL1 4SH
107 - 109 WINDSOR ROAD,BRAY,,MAIDENHEAD,,SL6 2DP
9 - 15 Peregrine Court,,Yaxley,Peterborough,Cambs,PE7 3WG
Solway Gate Business Park,Annan Road,,Dumfries,Dumfriesshire,DG1 3JN
"Unit 3, Nashmead",Queensway Ind Est,Newport,Newport,,NP19 4SU
27 - 29 Hopkinson Way,West Portway Industrial Estate,,Andover,Hampshire,SP10 3LF
1 Tollgate Business Centre,"Thetford Road,",Fornham St Martin,Bury St. Edmunds,Suffolk,IP31 1SX
Faringdon Avenue,,,Romford,Essex,RM3 8SE
Eastgate Industrial Estate,Moorside,,Colchester,Essex,CO1 2TJ
1 Bryant Avenue,Gallows Corner,,Romford,Essex,RM3 0AP
15 Brook Road Ind Est,,,Rayleigh,Essex,SS6 7UT
WOODHALL BUSINESS PARK,,,SUDBURY,SUFFOLK,CO10 1WH
Lynfield Business Centre,Lynfield Road,,Witham,Essex,CM8 1ED
manor road trading estate,,,frome,somerset,BA11 4BG
120-126 Barker Street,,,Norwich,Norfolk,NR2 4TF
Thomas Way,Lakesview Business Park,Hersden,Canterbury,Kent,CT3 4JZ
BRYN CEFNI PARK ESTATE,LLANGEFNI,,ANGLESEY,GWYNEDD,LL77 7XA
BPL House,The Runnings,Kingsditch Trading Estate,Cheltenham,Glouc,GL51 9NJ
Unit 5,Corolin Road,,Gloucester,Gloucestershire,GL2 5DQ
,,,,,CM1 3BH
Drum Road,Cupar Muir,,,Fife,KY15 5RJ
Boars Tye Road,Silver End,,Nr. Witham,Essex,CM8 3PN
"UNIT 5/6, THE GRANGE",RHOSDDU INDUSTRIAL ESTATE,,WREXHAM,NORTH WALES,LL11 4RE
Beechburn Industrial Estate,Prospect Road,,Crook,Country Durham,DL15 8JN
5A MERCHANT PLACE,MITCHELSTON INDUSTRIAL ESTATE,,KIRKCALDY,FIFE,KY1 3NU
2 WHEATON ROAD,,,WITHAM,ESSEX,CM8 3UJ
Burnside,Old Glasgow Road,,Kilwinning,Ayrshire,KA13 7QJ
Fairways Industrial Centre,Golf Course Lane,Filton,Bristol,Avon,BS34 7QS
Unit 1,Jane Street,Lawrence Hill,Bristol,Avon,BS5 9JD
Bristol Street Motors,Bristol Road,,Gloucester,Gloucestershire,GL2 5YB
32 WATERLOO ROAD,,,EPSOM,SURREY,KT19 8EX
Plot 2 Maitland Road,Lion Burn Industrial Estate,Needham Market,Ipswich,Suffolk,IP6 8NZ
SPEDDING ROAD FENTON IND EST.,FENTON,,STOKE-ON-TRENT,STAFFORDSHIRE,ST4 2ST
Kingsley Road,Lincolnfields,,Lincoln,Lincolnshire,LN6  3TA
101 Wellington Road,,,Leeds,West Yorkshire,LS12 1DX
22 Melford Road,Righead Ind Est,Bellshill,,,ML4 3LR
"Block 5, Units A - C",Railway View Business Park,Clay Cross,Chesterfield,Derbyshire,S45 9HZ
North Hylton Enterprise Park,North Hylton,,Sunderland,Tyne & Wear,SR5 3JT
24 - 27 Martson Road,Stafford,,,Staffs,ST16 3BS
Units 3-6 Breckenwood Road,,,Fulbourn,Cambridgeshire,CB21 5DQ
UNIT 6 TROSTRE IND EST.,TROSTRE ROAD,,LLANELLI,CARMARTHENSHIRE,SA14 9UU
Coed Emlyn Park,St Hilary,,Cowbridge,Glamorgan,CF71 7DP
Thorpe Lane,,,Banbury,Oxfordshire,OX16 8UT
UNIT 2 MOOR LANE BUSINESS PARK,MOOR LANE,FLOOKBURGH,GRANGE OVER SANDS,CUMBRIA,LA11 7LS
Unit 2 Estate Road,South Humberside Industrial Estate,,Grimsby,South Humberside,DN31 2TG
3 Send Road,Caversham,,Reading,Berkshire,RG4  8EH
Chainbridge North,,Blaydon,Newcastle Upon Tyne,Tyne & Wear,NE21 5SR
Redburn Industrial Estate,Redburn Road,Westerhope,Newcastle upon Tyne,Tyne & Wear,NE5 1NB
Portrack Grange Road,,,Stockton on Tees,Cleveland,TS18 2PH
16-28 Brussells Road,Pallion West Industrial Estate,,Sunderland,Tyne & Wear,SR4 6SJ
CHARTWELL HOUSE,1 BRUNEL PARKWAY,PRIDE PARK,DERBY,DERBYSHIRE,DE24 8HR
Unit 9A,Moss Road Industrial Estate,Walter Leigh Way,Leigh,Lancashire,WN7 3PT
Unit 5,Woodruff Business Centre,Terminus Road,Chichester,,PO19 8PH
Vincients Road,Bumpers farm Ind Est,,Chippenham,Wiltshire,SN14 6NQ
Commercial Street,,,Stockton on Tees,Cleveland,TS18 1TL
C1 Imperial Business Park,Westmill,,Graveseand,Kent,DA11 8SY
Wellington Road,,,Keighley,West Yorkshire,BD21 5AJ
Tait Road Industrial Estate,7-9 Tait Road,,Croydon,,CR0 2DP
Unit 2,Viking Way,,Erith,Kent,DA8 1EW
Palace Gatwick,Rutherford Way,Manor Royal,Crawley,West Sussex,RH10 9PB
Maidstone Road,,,Sidcup,Kent,DA14 5AZ
22 Earn Avenue,Righead Industrial Estate,,Bellshill,North Lanarkshire,ML4 3LW
Unit 8 & 12,Hardknott Road,Candy Park,Bromborough,Wirral,CH62 3QB
1 Sandiford Road,,,Cheam,Surrey,SM3 9RN
28 - 29 Kingfisher Way,Dinnington,,Sheffield,South Yorkshire,S25 3AF
Unit 22 Stadium Court,Mangham Road,,Rotherham,South Yorkshire,S62 6EW
Sheffield Road,Sheepsbridge,,Chesterfield,Derbyshire,S41 8NQ
ACCIDENT REPAIR CENTRE,CRESCENT ROAD,,LUTON,Bedfordshire,LU2 0AR
29 Simpson Road,,,Broxburn,,EH52 5NP
Unit 10,Browning Road,Station Road Ind Est,Heathfield,West Sussex,TN21 8DP
Hampton Road Ind Park,14 Hampton Road,,Croydon,Surrey,CR0 2XJ
38 - 42 Lydden Road,,Wandsworth,London,,SW18 4LR
7 CULNAMAN LANE,GARVAGH,COLERAINE,COLERAINE,BELFAST,BT51 5JR
Malvern View Business Park,Stella Way,Bishops Cleave,Cheltenham,Glos,GL52 7DQ
Unit 14B,Mimram Road,,Hertford,Herts,SG14 1NN
Unit 5 Castle Crescent,Bankside Ind Est,,Falkirk,Stirlingshire,FK2 7XY
Smithfield,Melton Road,,Woodbridge,Suffolk,IP12 1NH
UNIT 1 THE BECK INDUSTRIAL EST,BLACKWATER WAY,,ALDERSHOT,HAMPSHIRE,GU12 4DJ
UNIT 4 ORION TRADE CENTRE,"TENAX ROAD, TRAFFORD PARK",,MANCHESTER,LANCASHIRE,M17 1JT
4 MARSHALL ROAD,,,EASTBOURNE,SUSSEX,BN23 6QU
14 CENTURION WAY,LEYLAND,LANCASHIRE,LEYLAND,,PR5 4GU
DEBDALE LANE,,,MANSFIELD WOODHOUSE,NOTTINGHAMSHIRE,NG19 9NR
BEDDOW WAY,AMLESFOLD,MAIDSTONE,MAIDSTONE,,ME20 7BT
85-93 Deepcut Bridge Road,Deepcut Garage,,Camberley,Surrey,GU16 6QP
12 Hunter Road,Rutherglen,,Glasgow,Lanarkshire,G73 1LB
Clyde Gateway East,2 Colliery Way,London Road,Glasgow,Lanarkshire,G32 8RH
Pottington Business Park,Braunton Road,,Barnstaple,North Devon,EX31 1HN
Kiln Farm,,,Milton Keynes,Bucks,MK11 3EW
Kings Heath,Cribbs Causeway,,Bristol,Avon,BS10 7TU
UNIT 8,Athena Avenue,Kembrey Park,Swindon,Whiltshire,SN2 8EJ
ST CATHERINES ROAD,,,FORRES,Morayshire,IV36 1LS
22 Wivelsfield Road,,,Haywards Heath,W Sussex,RH16 4EQ
PlumtreeFarm Industrial estate,,,Harworth,Doncaster,DN11 8EW
62 Seafield Road,,,Inverness,,IV1 1SG
166 DUNKELD ROAD,,,PERTH,PERTHSHIRE,PH1 5AS
420 Hillington Road,Hillington Industrial Estate,Hillington,Glasgow,,G52 4BL
York Road,,,Shiptonthorpe,East Yorkshire,YO43 3PH
GLOUCESTER ROAD,PATCHWAY,,BRISTOL,,BS34 6QB
Burn Road,,,Hartlepool,,TS24 7LD
FREEMENS COMMON,AYLESTONE ROAD,,LEICESTER,LEICESTERSHIRE,LE2 7SL
Trunk Road,,,Redcar,,TS10 5BW
Aisecome Way,,,Weton Super Mare,North Somerset,BS22 8NA
Chesnut Street,,,Dalington,County Durham,DL1 1RJ
Randolph Place,Randolph Industrial Estate,,KIRKCALDY,Fife,KY1 2YX
"Units 1-2, Maythorne Business Park",Leominster Enterprise Park,Brunel Road,Leominster,,HR6 0FD
67 Stephenson Street,,,London,,E16 4SA
FENNER ROAD,,,Great Yarmouth,Norfolk,NR30 3PS
Fakenham Road,Beetley,East Bilney,Dereham,Norfolk,NR20 4HP
134 Lowestoft Road,,,Gorleston,Norfolk,NR31 6JA
52 Bergen Way,North Lynn Industrial Estate,,Kings Lynn,Norfolk,PE30 2JG
51 - 57 Hurricane Way,Airport Industrial Estate,,Norwich,Norfolk,NR6 6JB
Whiting Road,,,Norwich,Norfolk,NR4 6DN
9 Burrell Way,London Road,,Thetford,Norfolk,IP24 3QS
Birch Close,Lottbridge Drove,,Eastbourne,Sussex,BN23 6PE
Elm Road,Broadmeadow Industrial Estate,,Dumbarton,West Dunbartonshire,G82 2RH
8 WESTERTON ROAD,EAST MAINS INDUSTRIAL EST.,BROXBURN,Edinburgh,,EH52 5AU
50 John Street,,,Forfar,Angus,DD8 3EZ
5 Randolph Court,Randolph Industrial Estate,,Kirkcaldy,Fife,KY12YY
Arran Road,,,Perth,Perthshire,PH1 3DZ
"93, St James Mill Road",,,Northampton,Northants,NN5 5JP
UNIT 4 LESLIE ROAD,OFF NACTON ROAD,,IPSWICH,SUFFOLK,IP3 9PL
1075 Kingsbury Road,Erdington,,Birmingham,West Mids,B35 6AJ
Unit 1 & 2 Callywhite lane,,,Dronfield,Derbyshire,S182XP
Unit 4,Shaw Road,,Wolverhampton,West Mids,WV10 9LA
Hepburn Gardens,Felling,,Gateshead,Tyne & Wear,NE10 0AD
Unit 1,Beeston Royds Industrial Estate,Geldard Road,Leeds,West Yorkshire,LS12 6EY
249 Tyburn Road,,,Birmingham,West Midlands,B24 8NB
Unit C5C Central Avenue,Hilton Trading Estate,Hilton Road,Wolverhampton,West Midlands,WV4 6DW
Arterial Road,,,Leigh-On-Sea,Essex,SS9 4XX
Millwards House,Great North Road,North Mimms,Hatfield,Hertfordshire,AL9 5SD
,,,,,NE4 9HN
Unit 1 & 2 Network 43,Buckingham Court,Buckingham road,Brackley,Northamptonshire,NN13 7EU
37-45 East Park,Southgate,,Crawley,Sussex,RH10 6AN
UNIT 2-3,THAMES VIEW INDUSTRIAL ESTATE,NEWTOWN ROAD,HENLEY ON THAMES,OXON,RG9 1HG
Carrington Street,,,Kettering,Northants,NN16 0BY
Unit 4 Old Block Plant,Wincham Lane,Wincham,Northwich,Cheshire,CW9 6DE
MARSH ROAD,LORDS MEADOW INDUSTRIAL ESTATE,,CREDITON,DEVON,EX17 1EU
Canal Side,Llanymynech,,Oswestry,Shropshire,SY22 6EA
Rospeath Industrial Estate,Crowlas,,Penzance,Cornwall,TR20 8DU
unit 1 willmotts buisness centre,station road,pershore,,worcester,wr10 2db
Grantham Drive,,,Skegness,Lincolnshire,PE25 3RN
Elgin Drive,,,Swindon,Wiltshire,SN2 8DP
16-18 Stewarts Road,Finedon Road Industrial Estate,,Wellingborough,Northamptonshire,NN8 4RJ
AISECOME WAY,,,WESTON SUPER MARE,SOMERSET,BS22 8NA
25 Abenbury Way,Wrexham Industrial Estate,,Wrexham,,LL13 9UZ
Unit 1 Lancefield House,5 Commerce Way,,Croydon,Surrey,CRO 4XA
HAZEL DRIVE,NARBOROUGH ROAD SOUTH,LEICESTER,LEICESTER,,LE3 2JG
Whittle Road,Phoenix Parkway,,Corby,Northants,NN17 5DX
,64-66 Avon Street,,Bristol,Avon,BS2 0PX
Springfield Way,Anlaby,,Hull,Yorkshire,HU10 6RJ
261 BRISTOL ROAD,,,Gloucester,Gloucestershire,GL2 5DB
,,,,,B70 7EG
Heath Road,Banham,,,Norfolk,NR16 2HS
Haybridge Road,Wellington,,Telford,Shropshire,TF1 2FF
Whittington Road,,,OSWESTRY,Shropshire,SY11 1JE
Benbow Business Park,Harlescott Lane,,SHREWSBURY,Shropshire,SY1 3EQ
Aviation Point,Amy Johnson Way,,Blackpool,Lancs,FY4 2RP
Manor House Road,,,Long Eaton,Nottinghamshire,NG10 1LR
"Unit D , Griffin Park",Calmore Industrial Estate,Totton,Southampton,Hampshire,SO40 3SH
,,,,,DE22 1DZ
Charfleet Road,,,Canvey Island,Essex,SS8 0PQ
Unit 2 & 3 Sawfield Business Centre,Alconbury Hill,,Huntingdon,Cambs,PE28 4JL
"Unit 2, Morley Way",,,Peterborough,Cambs,PE2 7BW
4 Omaha Road,Walker Lines Industrial estate,,Bodmin,Cornwall,PL31 1ES
The Brushes,Sheffield Road,Sheepbridge,Chesterfield,Derbyshire,S41 9ED
Building 28,Pensnett Trading Estate,,Kingswinford,West Midlands,DY6 7UA
Brunel Road,Lyme Green Business Park,,Macclesfield,Cheshire,SK11 0TA
Canal Street,,,Brierley Hill,West Midlands,DY5 1JJ
Unit 11,Langage South,,Plymouth,Devon,PL7 5FL
Stephenson Ave,South Holland Enterprise Park,,Spalding,Lincs,PE11 3SW
cook way,bindon road,,taunton,somerset,TA2 6BJ
Abbey Garage Group,Dye House Lane,,Glastonbury,Somerset,BA6  9LZ
ERW LAS,COLOMENDY INDUSTRIAL ESTATE,,DENBIGH,DENBIGHSHIRE,LL16 5TA
Grange Way,Whitehall Ind Estate,,Colchester,Essex,CO2 8HF
South Road,,,Fraserburgh,Aberdeenshire,AB43 9HU
Lockerbie Road,,,Dumfries,Dumfries and Galloway,DG1 3PG
Unit 1-2 Nobel Court,Nobel Road,Wester Gourdie Ind Estate,Dundee,Tayside,DD2 4UH
1 W Telferton,,,Edinburgh,,EH7 6UL
36 Moorside Road,,,Swinton,Greater Manchester,M27 9HH
Wellfield Business Park,Wellfield Road,,Preston,Lancashire,PR1 8SZ
18 LITHGOW PLACE,"COLLEGE MILTON, EAST KILBRIDE",,GLASGOW,Lanarkshire,G74 1PW
Saddleworth Road,Greetland,,Halifax,Yorkshire,HX4 8LZ
Strode Road,Plymouth,,Plymouth,Devon,PL7 4AY
Winwick Road,,,Warrington,Cheshire,WA2 8HY
KNUTSFORD WAY,,,CHESTER,CHESHIRE,CH1 4NS
Brooke Park,Lower Meadow Road,Handforth,Wilmslow,Cheshire,SK9 3LP
Lamdin Road,,,Bury St Edmunds,Suffolk,IP32 6NU
Unit 6,Blyth Road Industrial Estate,,Halesworth,Suffolk,IP19 8EN
,,,,,HP1 2UJ
Unit 12,Lunsford Road,,Leicester,Leics,LE5 0HJ
CORPORATION ROAD,GRIMSBY,HUMBERSIDE,GRIMSBY,HUMBERSIDE,DN31 1UH
STATION ROAD,,,SCUNTHORPE,SOUTH HUMBERSIDE,DN15 6PY
23 Ashford Road,,,Maidstone,Kent,ME14 5DQ
22 Bells Rd,,,,Stornoway,HS1 2RA
UNIT 10,DURHAM ROAD TRADING ESTATE,DURHAM ROAD,BIRTLEY,County Durham,DH3 2BQ
Clough Street,Hanley,,Stoke on Trent,Staffordshire,ST1 4AS
8 Balloo Crescent,Balloo Road,,Bangor,N Ireland,BT19 7WP
Shotover Kilns,Headington,,OXFORD,OXFORDSHIRE,OX3 8ST
Units 1 & 2 Darby Gate,Hopkinson Way,West Portway Industrial Estate,Andover,Hampshire,SP10 3LF
New merthyr Road,Pentrebach,,Merthyr Tydfil,rct,cf45 4ub
Unit 2,70 Scarborough Street,,Hull,East Yorkshire,HU3 4TG
Unit 2 White City Trading Estate,Little Tennis Street,,Nottingham,,NG2 4EL
Unit B & C,Main Street,,Hull,East Yorkshire,HU2 0LF
7 Lifford Lane,Kings Norton,,Birmingham,West Midlands,B30 3DY
2A Saxon Business Business Park,Hanbury Road,Stoke Prior,Bromsgrove,Worcestershire,B60 4AD
Unit 2,Nelson Lane Industrial Estate,,Warwick,,CV34 5JB
Unit 10 North Sheply Trading Estate,,Audenshaw,Manchester,Greater Manchester,M35 5DR
Sealand Road Industrial Estate,Sealand Road Industrial Estate,,Chester,,CH1 4LQ
9 WHITFIELD DRIVE,,,AYR,AYRSHIRE,KA8 9RX
Collision House,Cheapside Bridgend Industrial Estate,,Bridgend,Mid Glamorgan,CF31 3UN
CROWN WAY,,Warmley,BRISTOL,Avon,BS30 8XJ
WHITTLE ROAD,,,CARDIFF,SOUTH GLAMORGAN,CF11 8AT
Unit 1 Holmer Trading Estate,,,Hereford,Herefordshire,HR1 1JS
6 - 8 Queens Drive,Kings Norton Business Park,,Birmingham,West Mids,B30 3HH
Leeway Industrial Estate,,,Newport,Gwent,NP19 4SL
UNIT B8 TAFFS MEAD ROAD,TREFOREST INDUSTRIAL ESTATE,,PONTYPRIDD,SOUTH GLAMORGAN,CF37 5TF
2 Bran Close,Swansea Enterprise Park,,Swansea,WEST GLAMORGAN,SA7 9DE
Former Creamery Site,,,Whitland,Carmarthenshire,SA34 0HH
Unit 6 Colwell Industrial Park,,,Wolverhapton,West Mids,WV10 0LL
Westfield Wagon Works,322 Moss Bay Road,,Workington,Cumbria,CA14 5AF
2A Three Colts Lane,Bethnal Green,,London,,E2 6JL
,,,,,DN16 1TT
Burygate,Bury,Nr Pulborough,Pulborough,West Sussex,RH20 1NN
77 Oakfield Street,,,Kelty,Fife,KY4 0BX
112 CARNLOUGH ROAD,BROUGHSHANE,,BALLYMENA,COUNTY ANTRIM,BT43 7HQ
Sticker Lane,Bradford,,,,BD4 8RS
White Cliffs Business Park,Honeywood Pk Way  ,,Dover,Kent,CT16 3PT
Station Road,,,Poulton - Le - Fylde,Lancashire,FY6 7HU
34A BAIRD AVENUE,,,Dundee,Tayside,DD2 3TN
Jackson Place,Wilton Road Industrial Estate,,Humberston,North East Lincolnshire,DN36 4AS
RANSOMES EURO PARK,,,IPSWICH,Suffolk,IP3 9RT
Hyde Park Garage,North Valley Road,,Colne,Lancashire,BB8 9RG
POTTON ROAD,GAMLINGAY,BEDFORDSHIRE,BEDFORDSHIRE,,SG19 3LW
84 Lister Street,Townhead,,Glasgow,Lanarkshire,G4 0BY
Chillington Fields,Willenhall Road,,WOLVERHAMPTON,,WV1 2HT
Unit C1,Morston Quays,Stephenson Street,Wallsend,Tyne & Wear,NE28 6UE
51 Radlett Road,Frogmore,,St Albans,Hertfordshire,AL2 2JX
Hills Farm,Drinnick Road,Nanpean,St. Austell,Cornwall,PL26 7YW
EUROCAM TECHNOLOGY PARK,CHASE WAY,,BRADFORD,WEST YORKSHIRE,BD5 8HW
118A Cemetery Road,,,Southport,Merseyside,PR8 5EG
Gillibrands Road,,,Skelmersdale,Merseyside,WN8 9TA
"Unit 2, Zone 2",First Avenue,Deeside Industrial Estate,Deeside,Clwyd,CH5 2NU
Allerton House,Chain Caul Way,,Preston,Lancashire,PR2 2YL
Blackwood Road,Lillyhall Industrial Estate,,Workington,Cumbria,CA14 4JW
KENRICK WAY,WEST BROMWICH,WEST MIDLANDS,WEST BROMWICH,,B71 4JW
Shap Rd Industrial Estate,,,Kendal,Cumbria,LA9 6NZ
Riverside Garage,Ayr Road,,Cummnock,Ayrshire,KA18 1BJ
Blackburn Business Park,Blackburn,,Aberdeen,Aberdeenshire,AB21 0PS
,,,,,B97 6BG
32 MARSH GREEN ROAD WEST,MARSH BARTON INDUSTRIAL ESTATE,MARSH BARTON,EXETER,DEVON,EX2 8PN
5 St Clair St                                                                                                                                                        ,,,Edinburgh,,EH6 8LB
Unit 66 Walker Drive,Gravelly Industrial Estate,,Birmingham,West Mids,B24 8TQ
Unit 1,Kingmoor Park Central,,Carlisle,CUMBRIA,CA6 4SE
83 - 87 Wildman Road,Law Village,,Carlike,Lanarkshire,ML8 5ET
Unit 18 Hargreaves Road,Flakefields,College Milton Industrial Estate,Paisley,Glasgow,G74 1PF
Alder Street,,,Atherton,Manchester,M46 9EY
Pitreavie Business Park,Unit 4 Pitreavie Dr,,Dunfermline,Fife,KY11 8UN
Unit 2 Moorview Court,Estover Business Park,Estover Close,Plymouth,Devon,PL6 7PL
LANT LANE,TANSLEY,,MATLOCK,DERBYSHIRE,DE4 5FW
Manners Industrial Estate,Manners Ave,,Ilkeston,Derbys,DE7 8EF
Unit 18-21 Ironside Way,Hingham,Attleborough,,Norfolk,NR9 4LF
32 GARRELL PLACE BURNSIDE IND,KILSYTH,,GLASGOW,NORTH LANARKSHIRE,G65 9JX
Glendower Road,Southern Avenue Industrial Estate,,Leominster,Herefordshire,HR6 0RL
Unit 1 Dunhams Court,,,Letchworth,Hertfordshire,SG6 1WB
"UNITS 1-3, FRASIER PROPERTIES",OAKFIELD IND EST,STANTON HARCOURT ROAD,EYNSHAM,OXFORDSHIRE,OX29 4TR
Crown Way,,,Colne,Lancashire,BB8 9NP
HUNTERS ROAD,FENHAM BARRACKS,,Newcastle Upon Tyne,Tyne & Wear,NE2 4ND
53 Lismacarol Road,Cross,,Londonderry,County Londonderry,BT47 3 LZ
Pinnacle Hill Industrial Estate,Pinnacle Hill,,Kelso,Borders,TD5 8DW
CHANDLER WAY,Parkhouse,,Carlisle,CUMBRIA,CA3 0JY
Unit 1,Lonsdale Street,,Nelson,Lancs,BB9 9HG
Drive A First Avenue,Zone Two,Deeside Industrial Park,Deeside,Flintshire,CH5 2NU
82 Derby Drive,,Bootle,Liverpool,Mersyside,L20 8LR
Units 1 & 2 Kenworthy Road,Astonfields Industrial Estate,,Stafford,Staffordshire,ST16 3DY
135 Highgate Road,,,London,,NW5 1LE
Unit 2,Cranborne Road,Cranbourne Industrial Estate,Potters Bar,Hertfordshire,EN6 3JN
8 - 16 CAMELON STREET,CARNTYNE IND EST,,GLASGOW,,G32 6AF
Portland Road,Longton,,Stoke On Trent,Staffs,ST3 1EW
Woodcroft,,,Leek,Staffordshire,ST13 5QF
195 WESTGATE ROAD,,,Newcastle Upon Tyne,Tyne & Wear,NE4 6AB
The Link Park,Lympne,HYTHE,HYTHE,Kent,CT21 4LR
209-211 Westgate street,,,Gloucester,Gloucestershire,GL1 2RN
STRASHLEIGH VIEW,LEE MILL IND ESTATE,,IVYBRIDGE,DEVON,PL21 9GS
Unit 2 Aire Calder Industrial Park,Lock Lane,,Castleford,West Yorkshire,WF10 2JA
5 EDISON ROAD,CHURCHFIELDS IND. EST.,,SALISBURY,Whiltshire,SP2 7NU
Unit 21 Rye Farm,,,Sutton Coldfield,West Mids,B76 9QA
"Unit 2, Crown Place",38 Crown Rd,,Enfield,Middlesex,EN1 1TH
72-76 Oxton Road,,,Birkenhead,Merseyside,L41 2TW
Grace Road,Marsh Barton Ind Estate,,Exeter,Devon,EX2 8PU
UNIT 300 NORTH EAST,WAREHOUSE ROAD,NEW GREENHAM PARK,NEWBURY,BERKSHIRE,RG19 6HN
Landrover House,Leicester Road,,Melton Mowbray,Leicestershire,LE13 0DA
Estate Road 7,South Humberdstone Industrial Estate,,Grimbsy,North Lincolnshire,DN31 2TP
3 Rowles Way,Box End Road,,Swavesey,Cambridgeshire,CB24 4UG
Ellifoot Lane,Burstwick,,Hull,East Yorkshire,HU12 9EF
DARK LANE,BIRSTALL,,BATLEY,YORKSHIRE,WF17 9LW
BRIGHTON ROAD,,,Stockport,Greater Manchester,SK4 2BE
55 Station Road,,,Beaconsfield,Bukinghamshire,HP9 1QJ
1 The Grove,,,Dorchester,Dorset,DT1 1XU
34 Headquarters Road,West Wilts Trading Est,,Westbury,Wiltshire,BA13 4JR
1033 South Street,Scostoun,Clydeside,Glasgow,Lanarkshire,G14 0AQ
A862 Road to Beauly,Delmore,,Highland,,IV3 8RG
Leeway Industrial Estate,,,Newport,Wales,NP19 0QU
Drumhaw,18 Main Street,,Lisnaskea,Co.Fermanagh,BT92 0JB
"UNIT 56, GILWILLY ROAD",GILWILLY INDUSTRIAL ESTATE,,PENRITH,CUMBRIA,CA11 9BL
"UNIT L, WEST QUAY IND EST",WEST QUAY ROAD,,SOUTHAMPTON,HAMPSHIRE,SO15 1GZ
vulcan house,water lane,,exeter,devon,EX2 8BY
Glebe Business Park,Lunts Heath Road,,Widnes,Liverpool,WA8 5SG
Coombs House,Searle Crescent,,WESTON SUPER MARE,NORTH SOMERSET,BS23 3YX
6 - 10 Harvey Close,,,Basildon,Essex,SS13 1EY
Unit 1 Orpen Park,Ash Ridge Road,Aztec West,Bristol,Avon,BS32 4QD
Unit 3,Stag Road,,Tunbridge Wells,Kent,TN2 3BQ
Unit 5 Kenyon Business Park,Bamber Bridge,,Preston,Lancashire,PR5 6AR
Unit 2 Carlton Ind' Est,Barkston Road,Barnsley,Barnsley,South Yorkshire,S71 3HU
INVERESK MILL INDUSTRIAL PARK,,,MUSSELBURGH,LOTHIAN,EH21 7UQ
Unit 29B,Athena Avenue,,Swindon,Wilts,SN2 8EJ
Hanworth Trading Estate,Hampton Road West,,Hanworth,Middlesex,TW13 6DN
Magnum House,Swinborne Road,Burnt Mills Industrial Estate,Basildon,Essex,SS13 1AX
Unit 8,Pennybridge Industrial Estate,,Ballymena,Co Antrim,BT42 3HB
Lesro House,Banks Road,,Darlington,,DL1 1YF
Wesley Drive,Benton Square Ind Estate,,Newcastle,Tyne & Wear,NE12 9UP
UNIT 94/4,CARRMERE ROAD,LEECHMERE IND EST,SUNDERLAND,Tyne & Wear,SR2 9TE
14-18 North Harbour Street,,,Ayr,,KA8 8AA
Lester Road,Little Hulton,Walkden,Worsley,Manchester,M38 0PT
Oxford Street,,,Castleford,West Yorkshire,WF10 5DF
Oldham Road,,,Rochdale,Greatrer Manchester,OL16 5QN
London Road,Hildenborough,Kent,Hildenborough,,TN11 8NN
1 Manchester Road,Werneth,,Oldham,,OL8 4AU
4 THE SHIRES,SHIRE HALL,,SAFFRON WALDEN,ESSEX,CB11 3AN
107 Elkington Street,,Aston,Birmingham,West Mids,B6 4SL
Montague Road,,,Warwick,,cv34 5lw
Unit 1,Burgass Road,Carlton,Nottingham,Notts,NG3 6JP
Carrs Lane,Tromode Estate,Tomode,Tomode,Isle Of Man,IM4 4RG
Scudamore Road,Braunstone Frith Industrial Estate,,Leicester,Leicetershire,LE3 1UQ
84 Lister Street,,Townhead,Glasgow,Lanarkshire,G4 0BY
15A WALTON AVENUE,,,FELIXSTOWE,SUFFOLK,IP11 3HH
WATLING STREET,,,HINCKLEY,LEICESTERSHIRE,LE10 3ED
Unit 3 Cole River Park,285 Warwick Rd,Tyseley, Birmingham,West Midlands,B11 2QX
ACCIDENT REPAIR CENTRE,UNIT 3 LONDON ROAD IND EST,,PEMBROKE DOCK,PEMBROKESHIRE,SA72 4RZ
Direct 2 Industrial Park,Rowey Lane,,Oldbury,West Midlands,B69 3ES
Unit 31,Gilwilly Road,Gilwilly Industrial Estate,Penrith,Cumbria,CA11 9BF
DERBY ROAD,STRETTON,,BURTON ON TRENT,STAFFORDSHIRE,DE13 0DF
City Parkway,Parkway Avenue,,Sheffield,South Yorkshire,S9 4WA
192 DUNKELD ROAD,,,Perth,Perthshire,PH1 3DG
Unit 8,Enterprise Workshops,Chain Caul Way,Preston Docklands,Lancashire,PR2 2YL
Unit 1 Arcot Street,Nelson Road,Nelson Industrial Estate,Cranlington,Northumberland,NE23 1BB
86 TANNERS DRIVE,BLAKELANDS,,MILTON KEYNES,BUCKS,MK14 5BP
10 Vulcan Way,,,Sandhurst,Berkshire,GU47 9DB
Unit 3 Pipers Wood,Waterberry Drive,,Waterlooville,Hampshire,PO7 7XU
Ifton Ind Est,St Martins Road,Gobowen,OSWESTREY,,SY11 3DA
Dundee Road,Errol,,Perth,Perthshire,PH2 7SR
Unit 10/11 Portman Business Park,Lissue Industrial Estate West,Moira Road,Lisburn,Northern Ireland,BT28 2RF
Unit  11,Narrowboat Way,,Dudley,West Midlands,DY2 0XQ
Unit 4  The Fulcrum,Vantage Way,,Poole,Dorset,BH12 4NU
47A Church Street,Portadown,Armagh,Co Armagh,N Ireland,BT62 3EU
35 Colville Road,,Acton,London,,W3 8BL
Unit 3 Concord Business Centre,Concord Road,Park Royal,London,,W3 0TJ
Unit 6,Anglesey Business Park,Littleworth Road,"Hednesford, Cannock",Staffs,WS12 1NR
21 Cratfield Road,Moreton Hall Industrial Estate,,Bury St Edmunds,Suffolk,IP32 7DF
Nile Street,Off St Thomas Road,,HUDDERSFIELD,WEST YORKSHIRE,HD1 3LP
2 - 3 RIVERWAY,,,NEWPORT,ISLE OF WIGHT,PO30 5UY
CONWAY ROAD,,,LLANDUDNO JUNCTION,GWYNEDD,LL31 9NX
5 MONKTON PARK,,,FARNHAM,SURREY,GU9 9PA
SMOKE LANE,AVONMOUTH,BRISTOL,BRISTOL,Avon,BS11 0YA
"UNIT 2, ELGAR INDUSTRIAL EST",PRESTON ROAD,,READING,BERKSHIRE,RG2 0BE
42-48 Waterloo Road,,,Preston,,PR2 1BQ
5a Robert Street,Eastville,,Bristol,Avon,BS5 6NJ
Unit A & B,Toutley Road,,Wokingham,Berkshire,RG41 1QN
Unt 13,Galleymead Road,Colnbrook,Slough,Berkshire,SL3 0EN
UNIT 18 GEMINI BUSINESS PARK,HORNET WAY,,BECKTON,LONDON,E6 7FF
302 AMPTHILL ROAD,,,KEMPSTON,BEDFORDSHIRE,MK42 9QS
MONTANA HOUSE,LENNOX ROAD,,BASINGSTOKE,,RG22 4AP
101 CATO STREET,VAUXHALL,"SMALL HEATH, HIGHWAY",BIRMINGHAM,WARWICKSHIRE,B7 4TS
92 Crown Street,,,Aberdeen,Aberdeenshire,AB11 6HJ
Levenvale,,,Leven,Fife,KY8 4RB
Main Road,Waterston,,MILFORD HAVEN,PEMBROKESHIRE,SA73 1DP
Viking Way,Winch Wen Ind Est,Winch Wen,Swansea,,SA1 7DA
Nachtigallenweg 2,41372 Niederkruchten-Elmpt,,Germany,,M32 0HX
WITHBUSH ROAD,,,HAVERFORDWEST,PEMBROKSHIRE,SA62 4BW
High Street,,,Cranfield,Beds,MK43 0DG
Unit 3,Tilcon Way,Baswich,Stafford,Staffs,ST18 0YJ
Gawcott Road,,,BUCKINGHAM,Bucks,MK18 1DR
Dallamires Lane,,,Ripon,North Yorkshire,HG4 1TT
64 Cardiff Road,,,Reading,Berks,RG1 8LL
"UNIT 9,",HIGHFIELD ROAD TRADING EST.,LITTLE HULTON,MANCHESTER,,M38 9ST
TRISPEN,,,TRURO,CORNWALL,TR4 9BA
TECHVIEW HOUSE,COX LANE,CHESSINGTON IND EST,Stansted,,KT9 1SG
13/14 Rainham Road Ind Est,,,Bishop Stortford,Hertfordshire,CM23 5PB
2 Springwood Drive,,,Braintree,Essex,CM7 2GB
NAZEING GLASS ESTATE,,,BROXBOURNE,HERTFORDSHIRE,EN10 6SG
21 - 29 RAGLAN STREET,,,LOWESTOFT,SUFFOLK,NR32 2JP
140 Bradley Hall Trading Estate,,Standish,Wigan,Lancashire,WN6 0XQ
Unit A1,Lower Road,Northfleet Ind Est,Northfleet,Kent,DA11 9SN
4 MIDDLEFIELD ROAD,MIDDLEFIELD INDUSTRIAL ESTATE,,FALKIRK,STIRLINGSHIRE,FK2 9ZD
MCMULLEN ROAD,,,DARLINGTON,COUNTY DURHAM,DL1 1XZ
161 - 169 Pier Road,,,Gillingham,Kent,ME7 1AF
Printshop Lane,Atherton,MANCHESTER,Atherton,,M46 9BJ
49 GATWICK ROAD,MANOR ROYAL,,CRAWLEY,,RH10 9RD
Derby Road,,,LOUGHBOROUGH,Leicestershire,LE11 5HN
Units 7 - 8,Southfield Road Trading Estate,,Nailsea,Somerset,BS48 1JJ
BERRISTON LANE,,,South Normanton,Derbyshire,DE55 2FH
NORTH POINT,FOURTH WAY,AVONMOUTH,BRISTOL,SOMERSET,BS11 8DX
WALSALL ROAD,,,CANNOCK,Staffordshire,WS11 0HP
Cannock Road,,,Westcroft,Wolverhampton,WV10 8QU
Unit 18 Hargreaves Road,Groundwell Industrial Estate,,Swindon,Wiltshire,SN25 5AZ
FINKILLS WAY,,,NORTHALLERTON,NORTH YORKSHIRE,DL7 8UB
14 BRUNEL ROAD,CHURCHFIELDS INDUSTRIAL ESTATE,,ST. LEONARDS ON SEA,EAST SUSSEX,TN38 9RT
Unit 6 Ringway Centre,Edison Road,,Basingstoke,Hampshire,RG21 6YH
Sneaton Lane,,,Whitby,,YO22 5HL
4 COCKERELL CLOSE,SEGENSWORTH WEST,FAREHAM,FAREHAM,,PO15 5SR
Unit 11,Whitney Road,Danes Hill Industrial Estate,Basingstoke,Hampshire,RG24 8NS
Unit 7,Trident Drive,,Wednesbury,,WS10 7XB
Unit R,Elliott Road,,Bournemouth,Dorset,BH11 8LZ
Unit 9 Alpine Court,Blue Ridge Park,Colorado Way,Glasshoughton,West Yorkshire,WF10 4UA
Stonebridge Trading Estate,Rowley Drive,,Coventry,Warwickshire,CV3 4FG
9 Glencryan Road,South Carbrain,,Cumbernauld,,G67 2UH
16 Blenheim Road,Longmead Industrial Estate,,Epsom,Surrey,KT19 9AU
Crabtree Manorway North,Belvedere,,Erith,Kent,DA17 6AZ
"Unit B, Coppetts Centre",Colney Hatch Lane,,Finchley,,N12 0AJ
35 Moorfield Road,Slyfield Industrial Estate,,Guildford,Surrey,GU1 1RU
72 Wilbury Way,,,Hitchin,Herts,SG4 0UD
Unit 1 Woodfarm Business Centre,Stoneham Road,Crowfield,Ipswich,Suffolk,IP6 9TH
Business Park B,Barnett Wood Lane,Leatherhead,Leatherhead,Surrey,KT22 7DG
Covent Garden Close,Selbourne Road,,Luton,Beds,LU4 8QB
Unit D,4 Tissington Close,Chilwell Meadows,Nottingham,Nottinghamshire,NG9 6QG
Solus House,1 - 9 Chase Road,Park Royal,London,,NW10 6LX
"Unit 8, Birchanger Ind Est",Stanstead Road,,Stansted,Herts,CM23 2TH
Wharf Street,,,Warrington,,WA1 2HZ
609 Lordship Lane,Wood Green,,London,Greater London,N22  5LE
Unit F2D,Multiply @ Logistoics North,Lomax Way,Bolton,Lancs,BL5 1FQ
1-9 Chase Road,,,London,,NW10 6LX
Unit 10,Crabtree Manorway North,,Belvedere,Kent,DA17 6AT
123 - 125 Nathan Way,,,London,,SE28 0AB
Allianz House,Greenwell Road,East Tullos Industrial Estate,Aberdeen,Aberdeenshire,AB12 3AX
Link Road West,Wilts Trading Est,"Westbury, Wilts",Westbury,,BA13 4JB
Sandy Lane,West Thurrock,,Grays,Essex,RM20 4BH
ANSON WAY,,,NORFOLK,NORWICH,NR6 6ED
115 Lower Road,Stoke Madeville,,Aylesbury,Bucks,HP21 9DR
Unit 17 Station Road Industrial Estate,Kippax,,Leeds,West Yorkshire,LS25 7QH
20 AND 21 MARCH PLACE,GATEHOUSE WAY,,AYLESBURY,BUCKINGHAMSHIRE,HP19 8UG
Pilot Road,,,CORBY,NORTHAMPTONSHIRE,NN17 5YH
17 Brougham Street,,,leicester,Leicestershire,LE1 2BA
AVENUE FARM INDUSTRIAL ESTATE,BIRMINGHAM ROAD,,STRATFORD-UPON-AVON,WARWICKSHIRE,CV37 0HR
10 Coalpit Road,Denaby Lane Industrial Estate,Denaby Main,Doncaster,,DN12 4LH
61 Rothersthorpe Crescent,,,Northampton,Northamptonshire,NN4 8JD
1 Hubert Street,,Aston,Birmingham,West Mids,B6 4BA
Units 5 & 6,Imex Business Park,Oldbury,Birmingham,West Midlands,B69 3EX
Riverside Industrial Estate,Marsh Lane,,Boston,Lincolnshire,PE21 7RP
Waterloo Court,Markham Vale,,Chesterfield,Derbyshire,S44 5HY
169 Brent Road,,,Southall,Middlesex,UB2 5LE
Whisby Way,Whisby Road,,Lincoln,Lincolnshire,LN6 3LQ
1 Bilton Way,,,Luton,Beds,LU1 1UU
14c Telford Drive,Brunel Drive,,Newark,Notts,NG24 2DX
Unit 1,Greenfinch Way,Gateway West,Newcastle,Tyne & Wear,NE15 8NX
Beeston Business Park,Technology Drive,,Nottingham,Nottinghamshire,NG9 1LA
5242A Austin Way,,Perry Barr,Birmingham,West Mids,B42 1DU
Riverside Industrial Estate,Units D & E Atherstone Street,Fazeley,Tamworth,,B78 3RW
96 - 98 Green Street,,,Ayr,,KA8 8BG
Unit 16,County Road,,Brackley,Northamptonshire,NN13 7AX
New Road,,,Chatham,Kent,ME4 4PY
Unit 11,Albion Industrial Estate,,Coventry,,CV7 5PY
Bankhead Broadway,Sighthill Inudstrial Estate,,Edinburgh,,EH11 4DB
,,,,,GU14 8BD
1 Wilkie Road,Bothwell Park Industrial Estate,,Uddingston,Glasgow,G71 6NZ
"Advance House, 20/20 Business Park",Liphook Way,Allington,Maidstone,Kent,ME16 0LQ
Unit B Lane End Road,Sands Industrial Estate,,High Wycombe,Buckinghamshire,HP12 4HH
21 Bircholt Road,Parkwood Industrial Estate,,Maidstone,Kent,ME15 9YN
460 Bath Road,,,Slough,Berks,SL1 6BB
9 - 11 Tessa Road,,,Reading,Berkshire,RG1 8HH
466 Bath Road,,,Slough,Berkshire,SL1 6BB
267 - 269 Reading Road,Winnersh,,Wokingham,BERKSHIRE,RG41 5AB
Unit 1G & 1H,Lôn Parcwr,,Ruthin,,LL15 1LY
Greenfields Lane,,,Market Drayton,,TF9 3SL
EDINBURGH ROAD,GLENDEVON,NEAR WINCHBURGH,Edinburgh,,EH52 6PX
Low Lane,High Leven,,Yarm,Teesside,TS15 9JT
QUARRY STREET,,,BLACKBURN,LANCASHIRE,BB1 5DE
Station Road,Old Whittington,,Chesterfield,Derbyshire,S41 9EG
Barnby Dun Road,Wheatley,,Doncaster,South Yorkshire,DN2 4QP
SAWMILLS LANE,BRANDON,,DURHAM,COUNTY DURHAM,DH7 8AB
292 Market Street,,,HYDE,CHESHIRE,SK14 1HD
108 - 116 Dixon Street,,,Lincoln,Lincolnshire,LN6 7DA
220 MARTON ROAD,,,MIDDLESBROUGH,CLEVELAND,TS4 2ET
Moorside,,,Cleckheaton,West Yorkshire,BD19 6JT
NEWARK ROAD,EASTERN INDUSTRY ESTATE,,PETERBOROUGH,Cambs,PE1 5HE
WINTERON ROAD,,,SCUNTHORPE,LINCOLNSHIRE,DN15 6AH
Cobridge Road,,,Stoke on Trent,Staffordshire,ST1 5LG
Turner Road,,,Worksop,South Yorkshire,S81 7AE
PLAS ACTON ROAD,PANDY,,WREXHAM,CLWYD,LL11 2UB
Jockey Lane,Monks Cross,,York,North Yorkshire,YO32 9GY
10-12 Dalston Gardens,Stanmore,,,Middlesex,HA7 1BU
Newcastle corner,Headcorn Road,Biddenden,Ashford,Kent,TN27 8JW
59 Helpston Road,Grinton,,Peterborough,Cambs,PE6 7JT
Fairlands Garage,Aldershot Road,,Worplesdon,Surrey,GU3 3HF
HORNINGLOW STREET,,,BURTON ON TRENT,DERBYSHIRE,DE14 1NR
Fairways Industrial Estate,Moulscomb Way,,Brighton,East Sussex,BN2 4PB
OXNEY ROAD,,,PETERBOROUGH,Cambridgeshire,PE1 5YN
26-27 Plymouth Industrial Estate,,Tavistock,Plymouth,Devon,PL19 9QR
122 STONEFERRY ROAD,,,HULL,HUMBERSIDE,HU8 8DA
West Pitkerro Industrial Estate,,,Dundee,,DD5 3RY
UNIT 1 LUPTON ROAD,,,THAME,OXFORDSHIRE,OX9 3SE
Courtney Street,Mount Pleasant,,Hull,East Yorkshire,HU8 7QF
Stephenson Road,Durran Hill Industrial Estate,,Carlisle,CUMBRIA,CA1 3NX
Tremaines Road,,,Bridgend,MID GLAMORGAN,CF31 1UA
182-190 Northumberland Street,,,Norwich,Norfolk,NR2 4EE
Building 11Falcon Way,North Feltham Trading Estate,,Feltham,Middlesex,TW14 0UQ
18 Bankside,Station Field Industrial Estate,,Kidlington,Oxford,OX5 1JE
Units 3 & 4,65 Whitehart Avenue,,Thamesmead,,SE28 0GW
21 - 23 Rathtrillick Road,Armagh,,,Co. Armagh,BT604HT
6 Ashton Road,,,Rutherglen,Lanarkshire,G73 1UB
"Unit F, 19 Bayton Road",Bayton Road Ind Est,Exhall,Coventry,Warwickshire,CV7 9EL
MOUNT VIEW BUSINESS PARK,SALISBURY STREET,,SCARBOROUGH,YORKSHIRE,YO12 4EH
Bell Lane,,,Uckfield,East Sussex,TN22 1QL
STEPHENS WAY,GOOSE GREEN,,WIGAN,LANCASHIRE,WN3 6PQ
,,,,,FY8 1UB
FINDEDON ROAD IND EST,WELLINGBOROUGH,NORTHANTS,WELLINGBOROUGH,,NN8 4RJ
Units 4 - 6 Holland Industrial Park,Bentley Road South,,Darlaston,West Mids,WS10 8LN
A5 Oxford Street Industrial Park,Vulcan Road,,Bilston,West Mids,WV14 7LF
Ford House,Ripple Road,,Barking,Essex,IG11 9PG
971 KINGSBURY ROAD,ERDINGTON,,BIRMINGHAM,WEST MIDLANDS,B24 9QB
St Andrews Road,,,Huddersfield,West Yorkshire,HD1 6RJ
Unit 21 Shaw Lane Industrial Estate,,,Doncaster,,DN2 4SE
Unit 3,Gilhusum Road,Gildersome Morlay,Leeds,West Yorkshire,LS27 7FN
BARLBY JUNCTION,BARLBY,,SELBY,NORTH YORKSHIRE,YO8 5JE
Vector 31,Unit J,Waleswood way,Sheffield,Yorkshire,S26 5NU
"UNIT 2, CAMPS INDUSTRIAL EST",EAST CALDER,,EDINBURGH,MIDLOTHIAN,EH27 8DF
BROOK ROAD,OVERROSS IND ESTATE,,ROSS ON WYE,HEREFORDSHIRE,HR9 7QG
Orleton Road,Ludlow Business Park,,Ludlow,Herefordshire,HR9 7QG
24 Blackwater Road,,,ALDERSHOT,HAMPSHIRE,GU12 4DL
UNIT 10-11 SWIFT CENTRE,41 IMPERIAL WAY,,CROYDON,SURREY,CRO 4RL
Unit 4,Martinbridge Industrial Estate,Lincoln Road,Enfield,London,EN1 1SP
Tudor Works,Beaconsfield Road,,Hayes,Middlesex,UB4 0SL
Thanet Road,,,WHITSTABLE,KENT,CT5 3JF
Unit 5,Five Arches Business Estate,Off Maidstone Road,Sidcup,Kent,DA14 5AQ
Clifton Moorgate,Clifton Moor,,York,North Yorkshire,YO30 4WR
10 Bittern Road,Sowton Industrial Estate,,Exeter,Devon,EX2 7LW
54 Belton Road,,,Loughborough,Leicestershire,LE11 1ND
Unit 5 Brooklands Way,Boldon Business Park,,Boldon Colliery,Tyne & Wear,NE35 9LZ
"Unit 7, Leeway Industrial Estate",Vanguard Court,Preston Farm Motor Village,Stockton on Tees,Cleveland,TS18 3TR
SLYFIELD GREEN ESTATE,WOKING ROAD,GUILDFORD,GUILDFORD,Surrey,GU1 1RU
,,,,,RH1 5EP
Units 3 - 4 Swifts Unit,Pound Lane,,Exmouth,Devon,EX8 4NP
9 - 17 VALLEY RD,,,PLYMOUTH,DEVON,PL7 1RF
UNIT 16,THREEMILESTONES IND ESTATE,,TRURO,CORNWALL,TR4 9LD
814 Wolverhampton Road,,,Oldbury,West Midlands,B61 4RY
STATION GARAGE,WOOL,,WAREHAM,DORSET,BH20 6HQ
Victor Works,WELLINGTON CRESENT,,NEW MALDEN,SURREY,KT3 3NE
Westgate,,,Morecambe,Lancashire,LA3 3DG
1 Pall Mall,,,LIVERPOOL,Merseyside,L3 7DB
Orlando Street,,,Bolton,Lancashire,BL2 1DU
,,,,,EH16 5UY
Hewitts Avenue,Hewitts Circus,,Grimsby,,DN364SE
72 Wilton Park Road,,,Shanklin,Isle Of Wight,PO37 7BU
Brackenvale Business Park,533 Saintfield Road,,Belfast,Co.Antrim,BT8 8ES
21 Rowantree Road,,,Dromore,Co.Down,BT25 1NN
Dundonald Industrial Estate,2B Ballyoran Lane,Dundonald,Belfast,N Ireland,BT16 1XJ
2 CLOUGHMORE ROAD,MALLUSK,,NEWTONABBEY,CO ANTRIM,BT36 4WW
1 Sandpits Lane,Keresley,,Coventry,West Midlands,CV6 2FR
304 BEDWORTH ROAD,LONGFORD,,COVENTRY,WARWICKSHIRE,CV6 6LA
SCIMITAR ROAD,HOUNDSTONE BUSINESS PARK,,YEOVIL,SOMERSET,BA22 8XJ
179 Burton Stone Lane,,,York,North Yorkshire,YO3 6DG
"Unit 2B, Jennychem",Mid Kent Business Park,Sportmill Road,Snodland,Kent,ME6 5UA
Eskdale Rd,,,Uxbridge,Middlesex,UB8 2RT